0,1,2,3,4,5,6,7,8,9,10,11,12,13,14,15,16,17,18,19,20
A,C,T,A,A,T,G,A,C,C,C,C,T,C,T,G,A,C,G,A,cancer
A,A,G,A,A,T,C,T,G,C,C,G,A,T,T,T,T,A,T,A,cancer
C,A,C,A,G,T,G,T,G,C,C,A,G,C,A,T,C,T,C,C,cancer
G,C,A,A,A,T,G,T,T,T,C,A,C,G,A,C,C,G,C,G,cancer
C,A,G,A,A,T,C,A,A,A,T,T,G,A,A,T,C,A,T,G,cancer
G,C,A,A,G,T,G,T,T,C,T,T,C,G,C,C,G,G,C,A,cancer
G,C,T,A,A,T,G,A,T,G,A,C,A,G,A,C,C,A,C,A,cancer
A,A,A,A,A,T,C,G,C,A,C,G,C,C,T,T,T,A,T,T,cancer
T,C,A,A,G,T,G,C,T,G,A,T,G,A,G,A,T,C,G,G,cancer
T,A,C,A,A,T,G,T,T,C,A,G,G,C,G,C,C,C,G,T,cancer
G,G,C,A,A,T,C,G,C,C,G,G,C,A,T,G,C,G,T,G,cancer
T,A,G,A,G,T,G,G,C,A,C,G,C,A,A,G,A,G,C,G,cancer
G,C,A,A,A,T,G,A,A,T,G,A,T,G,C,G,G,C,T,A,cancer
A,A,C,A,A,T,C,C,A,G,G,A,A,C,A,T,G,A,A,C,cancer
T,C,A,A,G,T,G,G,T,T,T,C,A,A,A,T,T,G,T,A,cancer
A,T,G,A,A,T,G,T,T,C,T,A,A,A,C,C,T,G,T,C,cancer
T,C,A,A,A,T,C,A,C,T,G,A,G,C,C,G,C,T,T,T,cancer
C,G,A,A,G,T,G,A,T,A,C,G,C,C,G,A,G,C,G,G,cancer
T,T,C,A,A,T,G,C,A,C,A,A,G,G,C,T,T,A,C,A,cancer
G,C,C,A,A,T,C,T,C,T,C,G,A,T,T,C,C,C,T,T,cancer
T,C,C,A,G,T,G,G,G,G,A,C,C,T,G,C,T,C,C,T,cancer
T,T,A,A,A,T,G,G,G,A,T,T,A,C,A,A,C,G,T,G,cancer
T,G,A,A,A,T,C,G,A,T,T,T,A,C,A,C,A,A,A,A,cancer
T,C,C,A,G,T,G,A,C,G,G,T,T,T,G,T,T,A,T,G,cancer
T,T,A,A,A,T,G,A,T,T,G,C,C,T,C,C,C,G,G,T,cancer
G,C,G,A,A,T,C,A,C,C,T,T,T,G,T,T,T,G,A,C,cancer
T,A,C,A,G,T,G,T,T,G,A,G,C,A,G,A,G,A,A,C,cancer
C,C,A,A,A,T,G,A,C,T,C,G,C,A,C,A,C,C,T,G,cancer
T,A,A,A,A,T,C,C,A,C,A,A,T,A,G,G,G,A,A,G,cancer
A,G,C,A,G,T,G,G,C,C,A,T,T,T,A,A,C,C,T,C,cancer
A,C,A,A,A,T,G,T,G,G,A,G,T,C,C,C,T,G,T,G,cancer
C,G,T,A,A,T,C,G,C,C,A,A,G,T,C,T,G,G,T,A,cancer
G,C,A,A,G,T,G,G,A,C,G,T,G,T,A,T,T,G,G,C,cancer
A,T,A,A,A,T,G,C,A,A,G,A,C,T,A,C,G,T,C,A,cancer
T,G,A,A,A,T,C,A,A,G,T,C,A,A,A,A,T,C,G,G,cancer
T,A,T,A,G,T,G,T,T,C,C,T,T,C,T,C,C,G,G,C,cancer
T,T,T,A,A,T,G,G,A,C,A,A,T,A,T,A,C,G,G,T,cancer
A,A,A,A,A,T,C,A,A,C,G,T,A,G,C,C,C,C,A,G,cancer
T,A,C,A,G,T,G,C,C,C,A,G,T,G,G,T,C,C,A,A,cancer
G,T,T,A,A,T,G,A,C,A,G,A,C,T,G,C,G,T,A,A,cancer
T,A,A,A,A,T,C,G,A,A,T,C,T,T,T,T,C,T,G,A,cancer
G,A,C,A,G,T,G,C,T,C,A,C,G,A,C,C,C,A,T,C,cancer
C,G,T,A,A,T,G,C,C,T,T,A,A,C,G,A,A,C,G,T,cancer
G,C,G,A,A,T,C,C,C,A,C,G,G,A,C,G,T,A,C,T,cancer
G,T,T,A,G,T,G,A,T,T,C,T,C,G,A,T,T,C,C,A,cancer
T,G,A,A,A,T,G,T,G,T,G,T,C,G,C,T,G,C,G,G,cancer
G,A,C,A,A,T,C,G,G,C,G,G,A,T,A,C,G,A,A,G,cancer
C,T,C,A,G,T,G,G,G,T,T,G,C,T,G,T,C,G,C,A,cancer
T,T,G,A,A,T,G,G,A,G,T,C,G,A,C,T,G,A,G,T,cancer
G,T,A,A,A,T,C,A,T,A,G,A,C,T,G,A,G,C,A,A,cancer
T,A,T,A,G,T,G,A,G,C,C,A,G,T,C,C,A,G,A,G,cancer
A,C,G,A,A,T,G,G,A,A,G,T,C,T,T,T,A,G,T,T,cancer
C,C,T,A,A,T,C,C,T,C,G,A,G,T,T,T,T,G,A,T,cancer
G,C,T,A,G,T,G,C,T,T,G,A,G,G,C,G,G,G,A,C,cancer
T,T,C,A,A,T,G,C,G,C,G,G,T,C,T,C,T,G,G,T,cancer
G,A,T,A,A,T,C,T,C,G,A,C,T,A,A,G,T,C,A,T,cancer
G,T,G,A,G,T,G,T,C,T,C,G,A,A,C,T,T,T,A,G,cancer
G,G,A,A,A,T,G,G,C,C,A,T,G,G,C,A,T,G,A,A,cancer
G,T,G,A,A,T,C,A,C,C,A,A,T,A,T,A,T,G,C,T,cancer
C,G,T,A,G,T,G,G,T,C,G,A,G,T,C,A,A,G,G,A,cancer
G,C,A,A,A,T,G,A,G,G,T,G,A,A,T,T,A,T,A,G,cancer
A,T,G,A,A,T,C,A,A,T,T,C,A,G,T,G,C,T,G,A,cancer
G,A,G,A,G,T,G,A,A,G,T,A,C,G,C,A,A,G,C,A,cancer
C,T,G,A,A,T,G,A,G,C,G,C,C,T,G,C,G,G,G,G,cancer
A,C,G,A,A,T,C,A,A,T,T,G,T,A,C,G,T,C,A,T,cancer
G,T,G,A,G,T,G,G,T,G,G,G,C,G,T,G,G,G,C,G,cancer
A,T,T,A,A,T,G,C,A,T,A,T,C,T,C,C,G,A,C,A,cancer
T,A,G,A,A,T,C,T,T,G,A,A,T,T,G,A,A,A,G,G,cancer
T,C,C,A,G,T,G,T,T,C,T,C,A,A,A,A,G,G,A,T,cancer
A,T,G,A,A,T,G,C,G,C,T,A,C,C,A,T,A,A,G,T,cancer
C,A,G,A,A,T,C,C,A,A,T,A,C,C,G,A,C,T,C,A,cancer
A,T,A,A,G,T,G,A,T,C,A,G,A,A,T,T,T,T,A,G,cancer
C,G,G,A,A,T,G,T,A,A,A,C,G,C,C,G,C,T,G,G,cancer
G,G,A,A,A,T,C,C,C,C,G,C,C,G,C,G,G,G,G,T,cancer
C,C,T,A,G,T,G,C,A,T,A,T,T,T,C,C,A,A,T,T,cancer
A,A,T,A,A,T,G,T,T,T,A,G,A,A,G,G,C,C,A,A,cancer
G,G,C,A,A,T,C,C,G,A,T,G,T,T,A,A,T,C,A,C,cancer
G,G,T,A,G,T,G,T,G,G,T,G,A,A,C,C,T,A,T,C,cancer
A,A,C,A,A,T,G,T,C,C,G,T,T,G,A,C,C,T,T,T,cancer
A,A,C,A,A,T,C,G,T,G,C,C,G,T,C,C,T,C,C,G,cancer
A,C,C,A,G,T,G,G,A,A,G,C,T,G,G,A,G,T,G,G,cancer
A,T,T,A,A,T,G,C,A,T,T,G,C,A,T,C,A,G,T,C,cancer
A,T,A,A,A,T,C,G,G,C,C,T,C,T,A,T,G,G,C,G,cancer
T,A,G,A,G,T,G,G,T,T,T,T,A,T,C,A,A,C,G,C,cancer
G,T,G,A,A,T,G,C,A,C,T,T,T,C,T,G,T,A,T,G,cancer
C,A,C,A,A,T,C,G,C,G,G,G,T,G,T,T,C,C,G,C,cancer
A,C,G,A,G,T,G,C,C,G,T,C,T,C,T,C,C,T,G,C,cancer
A,C,A,A,A,T,G,A,A,T,C,G,T,T,G,C,G,G,T,A,cancer
C,T,C,A,A,T,C,T,G,C,T,C,A,A,C,C,C,C,T,G,cancer
T,A,A,A,G,T,G,T,A,T,A,G,C,A,T,C,T,C,C,C,cancer
G,A,T,A,A,T,G,A,G,T,G,C,T,A,C,T,C,C,G,T,cancer
G,T,G,A,A,T,C,A,T,A,T,T,A,G,A,A,T,G,C,G,cancer
A,C,A,A,G,T,G,C,G,A,T,C,C,C,C,C,T,A,T,G,cancer
A,T,A,A,A,T,G,G,T,G,C,A,A,T,G,A,C,C,G,G,cancer
T,G,C,A,A,T,C,C,A,C,C,A,T,G,A,A,T,G,G,G,cancer
A,C,C,A,G,T,G,A,C,T,C,A,C,T,C,C,T,G,T,C,cancer
G,G,A,A,A,T,G,A,T,T,T,C,T,A,T,G,A,G,C,T,cancer
A,G,A,A,A,T,C,G,A,G,C,G,G,A,G,G,T,G,T,A,cancer
G,C,A,A,G,T,G,C,T,T,C,C,C,A,C,G,A,T,C,T,cancer
G,C,T,A,A,T,G,G,C,G,C,G,T,A,C,C,A,T,C,A,cancer
A,T,A,A,A,T,C,C,T,G,G,C,A,T,G,T,C,C,T,T,cancer
C,C,A,A,G,T,G,G,A,T,G,A,G,A,T,C,G,T,T,C,cancer
C,C,G,A,A,T,G,C,G,C,A,A,T,A,C,G,G,C,G,T,cancer
A,C,A,A,A,T,C,A,C,C,A,C,A,A,A,C,C,T,A,A,cancer
A,T,A,A,G,T,G,T,T,C,T,C,G,A,G,A,T,C,T,A,cancer
A,T,A,A,A,T,G,A,G,T,G,T,G,C,A,A,T,T,T,G,cancer
T,A,T,A,A,T,C,A,G,A,C,A,C,G,A,G,G,C,G,A,cancer
C,G,T,A,G,T,G,C,A,A,T,C,T,C,C,T,T,C,G,C,cancer
A,A,T,A,A,T,G,C,G,G,T,T,T,T,G,A,G,A,A,A,cancer
G,C,T,A,A,T,C,T,C,G,G,C,A,G,A,G,C,T,T,T,cancer
G,C,A,A,G,T,G,T,A,T,A,G,G,A,G,A,G,G,A,T,cancer
T,C,C,A,A,T,G,T,A,C,T,G,T,C,G,T,T,A,G,G,cancer
G,T,T,A,A,T,C,C,A,C,A,C,A,C,T,A,G,A,C,T,cancer
A,G,G,A,G,T,G,G,T,G,A,C,C,A,C,G,T,C,G,C,cancer
A,A,C,A,A,T,G,C,G,C,T,C,A,T,C,G,C,A,A,A,cancer
A,C,A,A,A,T,C,A,G,C,A,A,G,A,A,G,A,A,G,A,cancer
G,A,C,A,G,T,G,C,A,C,C,C,G,C,T,G,T,C,C,T,cancer
A,C,G,A,A,T,G,T,T,C,T,T,G,A,A,T,A,T,A,A,cancer
G,T,G,A,A,T,C,C,A,C,T,T,T,C,C,T,T,C,T,A,cancer
T,A,G,A,G,T,G,C,A,C,C,G,T,A,A,A,G,T,C,C,cancer
A,C,G,A,A,T,G,A,A,A,A,G,C,T,T,A,G,T,T,C,cancer
A,C,C,A,A,T,C,A,G,C,T,A,G,G,G,T,C,C,T,T,cancer
G,G,C,A,G,T,G,A,C,C,C,C,A,T,C,T,A,T,A,A,cancer
C,A,G,A,A,T,G,T,C,G,T,G,C,T,T,A,G,G,T,G,cancer
T,T,A,A,A,T,C,T,G,C,A,C,T,A,A,T,G,T,T,T,cancer
T,T,G,A,G,T,G,A,G,T,A,A,A,C,G,G,G,T,G,C,cancer
C,G,C,A,A,T,G,G,C,A,A,T,A,T,A,C,T,C,C,T,cancer
A,A,C,A,A,T,C,G,G,T,C,T,T,A,A,C,G,A,T,G,cancer
A,T,A,A,G,T,G,A,A,T,T,A,T,A,C,G,T,A,A,C,cancer
A,G,T,A,A,T,G,C,A,A,A,C,T,G,G,A,A,T,A,G,cancer
T,C,C,A,A,T,C,T,A,G,T,T,A,G,G,C,C,T,G,A,cancer
A,T,T,A,G,T,G,G,A,C,C,C,G,G,T,A,C,A,G,A,cancer
C,A,C,A,A,T,G,G,T,C,T,C,T,G,A,C,C,C,G,C,cancer
G,T,A,A,A,T,C,T,A,A,T,C,C,T,G,A,A,A,A,A,cancer
C,G,A,A,G,T,G,G,T,G,C,G,G,T,A,G,C,T,G,G,cancer
T,C,C,A,A,T,G,C,G,G,C,A,C,T,G,T,T,A,A,C,cancer
A,G,G,A,A,T,C,G,G,G,C,G,C,T,T,A,G,T,C,C,cancer
C,A,C,A,G,T,G,A,C,A,A,T,T,C,T,A,A,G,G,A,cancer
T,A,C,A,A,T,G,G,G,T,A,G,T,G,T,G,C,G,A,T,cancer
T,G,A,A,A,T,C,G,G,G,C,T,A,C,C,G,G,G,T,G,cancer
C,T,C,A,G,T,G,T,T,T,C,T,C,A,C,C,T,T,G,A,cancer
A,G,C,A,A,T,G,C,T,A,T,G,A,T,A,A,T,T,A,G,cancer
C,A,G,A,A,T,C,A,T,G,G,A,C,A,C,G,C,T,C,C,cancer
G,C,G,A,G,T,G,T,T,A,A,A,T,C,G,T,C,A,G,A,cancer
G,C,T,A,A,T,G,A,T,C,C,C,T,T,G,T,T,C,G,T,cancer
T,C,T,A,A,T,C,C,G,C,C,G,A,C,T,C,G,T,G,C,cancer
G,G,A,A,G,T,G,C,C,C,C,T,G,C,T,C,G,C,T,T,cancer
G,C,T,A,A,T,G,A,C,A,T,T,G,G,C,T,T,T,T,A,cancer
T,G,C,A,A,T,C,C,C,A,T,C,G,A,T,T,T,T,A,G,cancer
T,A,A,A,G,T,G,G,A,A,C,C,G,C,A,A,G,A,G,C,cancer
C,T,C,A,A,T,G,T,T,T,A,T,C,G,C,G,C,G,C,G,cancer
T,G,T,A,A,T,C,C,G,G,C,T,T,A,A,A,G,G,G,C,cancer
A,C,A,A,G,T,G,A,G,T,A,T,C,G,A,G,C,T,G,G,cancer
A,T,C,A,A,T,G,A,G,G,T,C,C,G,C,A,T,G,C,C,cancer
A,C,A,A,A,T,C,T,G,A,C,C,T,A,G,C,A,C,G,A,cancer
C,G,A,A,G,T,G,A,T,G,A,T,A,C,T,A,C,C,C,T,cancer
C,G,A,A,A,T,G,G,C,C,G,T,C,C,G,C,C,T,T,T,cancer
T,T,C,A,A,T,C,A,C,C,A,G,A,T,C,T,A,G,G,C,cancer
A,T,T,A,G,T,G,G,C,A,T,G,C,G,C,A,G,T,C,G,cancer
C,G,G,A,A,T,G,A,T,G,A,C,C,G,T,C,G,C,A,G,cancer
G,G,A,A,A,T,C,G,G,A,C,A,T,A,C,G,G,A,T,A,cancer
T,A,T,A,G,T,G,T,G,T,G,A,A,A,A,A,G,A,T,C,cancer
G,T,C,A,A,T,G,C,G,T,C,C,G,A,C,G,G,T,G,G,cancer
A,C,T,A,A,T,C,G,T,C,G,G,T,A,C,C,C,G,G,G,cancer
T,C,C,A,G,T,G,C,A,G,C,C,G,G,C,T,T,T,T,A,cancer
T,C,C,A,A,T,G,C,T,G,C,T,A,A,C,G,A,T,T,A,cancer
C,C,A,A,A,T,C,T,G,T,G,G,A,C,G,T,C,C,T,A,cancer
C,G,T,A,G,T,G,G,T,T,C,T,C,T,C,C,A,C,C,C,cancer
A,G,G,A,A,T,G,A,C,C,T,G,C,C,G,C,A,C,C,G,cancer
A,T,G,A,A,T,C,T,T,A,T,A,C,A,G,T,A,G,A,T,cancer
T,G,G,A,G,T,G,G,G,G,T,C,G,C,G,G,G,T,C,T,cancer
A,G,G,A,A,T,G,C,T,T,T,G,C,A,A,T,C,T,T,T,cancer
A,A,T,A,A,T,C,C,A,T,A,G,G,A,T,A,C,T,T,T,cancer
T,C,A,A,G,T,G,A,G,T,G,C,A,A,T,A,C,C,T,G,cancer
T,C,A,A,A,T,G,A,A,C,G,T,G,A,T,C,C,G,T,A,cancer
G,C,T,A,A,T,C,T,C,A,A,C,C,A,G,G,T,T,G,T,cancer
G,T,G,A,G,T,G,T,T,G,A,G,G,C,A,T,A,A,A,C,cancer
C,T,G,A,A,T,G,A,T,T,C,G,G,C,A,C,T,C,G,A,cancer
T,T,G,A,A,T,C,C,T,C,T,G,T,T,A,T,G,T,G,C,cancer
G,C,T,A,G,T,G,G,A,G,C,C,A,G,T,G,G,G,A,A,cancer
A,A,A,T,G,G,T,T,T,T,A,G,T,C,T,G,C,T,A,A,normal
C,A,C,T,G,C,T,C,G,A,A,C,G,T,T,T,C,A,C,C,normal
C,T,G,C,T,C,C,T,G,G,A,C,A,T,C,T,A,T,T,G,normal
C,C,C,T,G,A,C,T,G,G,C,G,G,T,A,G,A,G,G,G,normal
C,C,C,A,A,C,A,T,A,T,C,T,C,C,C,A,G,G,T,G,normal
C,G,T,C,A,C,C,T,A,C,A,C,C,T,C,C,C,G,A,T,normal
T,T,C,A,G,G,T,A,G,T,G,G,A,T,G,C,C,G,A,A,normal
G,A,A,C,T,T,G,G,G,C,C,A,C,T,C,G,T,A,T,C,normal
C,A,G,A,A,A,A,C,G,T,G,G,A,G,A,T,A,T,G,A,normal
C,T,G,T,A,C,T,T,T,G,C,C,C,T,T,T,T,A,A,G,normal
T,G,C,T,A,T,C,G,T,A,C,C,G,T,A,T,A,G,C,G,normal
C,T,C,A,G,C,C,T,T,T,A,T,C,A,T,C,A,C,T,T,normal
A,G,C,C,G,G,C,A,G,T,A,G,T,T,C,A,G,T,C,G,normal
T,C,T,C,C,A,G,C,T,G,G,G,A,C,C,C,C,T,C,G,normal
C,C,C,C,A,G,A,G,C,C,G,G,A,A,T,T,A,T,A,A,normal
A,T,G,C,T,C,C,G,T,C,G,G,A,T,C,G,C,T,A,C,normal
A,G,A,C,T,C,C,A,A,C,A,A,T,T,G,C,A,C,G,G,normal
T,A,A,C,T,T,T,A,G,G,A,G,C,A,A,T,A,C,T,T,normal
G,T,C,C,G,A,C,C,G,G,G,A,A,T,C,A,T,A,G,T,normal
A,A,C,A,C,G,T,T,T,A,T,C,T,A,A,C,C,A,A,G,normal
G,T,G,A,G,A,G,C,A,T,T,G,C,A,T,A,G,A,A,G,normal
T,C,C,C,G,A,G,G,A,C,G,C,T,T,C,G,A,C,C,G,normal
C,C,G,C,C,C,T,T,A,A,A,G,G,G,C,G,A,A,A,G,normal
G,A,T,A,G,G,A,C,T,T,G,G,G,A,G,G,G,T,T,C,normal
C,G,T,T,T,T,C,A,T,T,T,T,A,A,G,C,T,T,G,A,normal
G,A,C,G,G,T,G,A,A,G,A,G,C,T,C,C,T,T,T,G,normal
A,G,A,G,A,A,C,G,T,G,T,G,C,A,T,A,A,A,C,G,normal
A,C,C,C,G,T,A,C,T,T,C,G,T,G,G,T,T,T,G,G,normal
T,C,C,G,C,T,G,C,G,C,C,A,C,A,T,A,G,T,A,T,normal
C,T,C,G,C,C,C,A,G,T,C,T,T,C,A,G,C,C,G,A,normal
G,C,G,T,T,T,A,T,G,A,G,A,G,C,A,C,C,C,C,C,normal
C,G,T,A,G,G,G,G,T,T,A,A,G,A,C,G,A,A,C,G,normal
T,G,T,A,T,G,A,T,T,G,A,A,T,T,T,C,A,T,T,A,normal
C,A,C,G,A,A,G,A,G,C,A,G,T,C,C,T,T,G,T,A,normal
G,C,A,A,C,A,C,C,C,C,G,A,T,G,T,G,A,C,T,G,normal
A,A,G,C,G,G,G,C,T,G,A,T,A,A,G,T,G,A,G,C,normal
C,G,G,G,G,G,C,T,G,T,G,T,C,A,T,C,T,C,A,C,normal
G,G,T,G,G,A,G,G,T,G,G,C,C,T,T,T,G,G,G,G,normal
G,G,C,T,T,G,A,C,T,C,G,C,T,C,C,A,C,T,T,T,normal
T,G,A,G,T,C,T,T,A,A,C,G,T,A,C,T,G,G,A,G,normal
C,A,T,A,C,C,G,T,C,G,T,T,C,T,T,G,A,T,G,G,normal
G,C,C,A,C,G,G,A,G,C,G,A,A,A,T,C,A,T,C,T,normal
C,C,C,A,C,T,G,G,C,A,C,T,G,T,T,G,A,T,G,A,normal
T,T,T,T,C,A,T,G,C,G,G,A,G,C,T,T,G,A,A,T,normal
T,G,A,G,T,T,G,A,T,T,A,T,A,A,T,G,T,T,T,C,normal
T,G,G,G,A,C,C,G,C,A,T,G,C,G,G,G,G,T,G,C,normal
C,A,A,C,G,C,A,G,C,T,C,A,C,G,C,A,C,G,C,A,normal
T,C,C,A,A,C,A,A,G,C,C,T,T,A,A,C,T,C,C,C,normal
T,C,T,T,A,C,T,A,A,T,G,A,T,A,G,C,T,C,A,G,normal
G,A,T,T,A,G,C,G,G,G,A,C,G,A,T,T,G,G,C,G,normal
T,A,A,C,A,C,G,A,C,C,G,T,A,G,A,T,A,C,A,C,normal
T,C,G,C,C,G,C,C,G,C,C,A,A,C,G,G,A,G,G,A,normal
T,A,G,C,G,C,C,C,T,T,A,T,C,G,G,C,G,G,T,C,normal
G,G,G,C,C,A,A,G,T,T,C,C,A,A,C,T,A,A,G,T,normal
G,A,A,A,A,C,T,T,T,T,G,G,G,A,C,T,C,T,T,G,normal
A,A,C,A,G,T,C,G,T,A,C,C,T,A,C,A,A,T,G,A,normal
C,C,C,C,T,A,T,G,A,A,A,G,T,A,A,C,G,C,C,T,normal
C,G,G,A,T,A,C,A,G,G,C,A,G,G,T,A,A,T,G,T,normal
T,T,G,C,C,C,T,C,A,C,G,T,T,C,T,T,T,T,A,G,normal
A,C,C,T,T,C,T,A,T,A,G,A,C,C,C,A,G,C,T,A,normal
G,A,A,G,A,C,G,A,T,G,T,A,T,G,A,G,A,C,C,C,normal
T,T,C,G,G,A,G,G,T,G,G,A,C,C,T,T,A,T,A,C,normal
C,A,C,G,G,C,A,G,G,C,T,T,C,C,G,A,A,G,G,A,normal
T,T,A,C,C,G,T,C,C,C,A,G,G,T,C,G,A,A,A,C,normal
A,C,G,A,C,T,G,G,C,C,G,C,A,C,G,A,C,A,C,G,normal
G,A,G,G,A,A,G,A,A,C,T,G,G,C,G,G,G,A,G,G,normal
T,C,C,A,G,G,G,G,A,T,C,T,G,T,T,C,T,T,T,A,normal
A,A,T,A,T,T,A,G,T,T,C,A,C,T,C,T,C,T,A,C,normal
C,G,G,A,T,G,A,A,T,T,C,C,A,A,A,C,G,T,A,C,normal
C,T,G,A,T,C,G,A,C,C,T,C,A,C,T,T,G,G,C,C,normal
C,G,G,C,G,T,G,T,C,T,A,C,T,T,G,T,G,T,T,G,normal
A,T,T,C,G,G,A,C,A,A,T,T,G,C,G,C,G,A,A,A,normal
T,C,C,T,C,G,A,T,A,C,T,C,A,C,T,C,T,T,T,G,normal
C,C,A,T,T,A,C,C,C,T,T,A,G,G,T,C,C,G,C,G,normal
T,T,C,C,G,C,T,C,C,C,T,C,G,A,G,G,G,T,G,C,normal
T,A,G,A,C,C,G,C,C,C,T,A,G,A,T,C,C,T,C,G,normal
G,A,T,T,G,C,T,T,C,T,C,A,A,C,A,C,C,T,C,C,normal
C,C,C,G,G,G,A,T,A,A,G,G,T,C,A,T,C,A,T,A,normal
T,A,C,A,G,A,C,G,C,C,T,C,C,C,G,A,G,C,C,C,normal
G,C,T,G,T,T,G,C,A,C,T,G,T,G,C,C,G,C,C,A,normal
G,T,C,T,A,C,T,A,G,G,G,A,C,T,T,G,T,A,C,C,normal
A,C,A,A,T,A,T,C,G,C,T,A,C,T,C,G,G,C,G,T,normal
A,A,C,C,T,A,A,T,G,A,C,G,A,G,G,A,A,T,C,A,normal
A,C,T,G,C,T,G,C,T,A,A,G,A,G,T,A,G,C,T,A,normal
A,G,C,A,G,A,T,A,G,G,G,C,C,T,A,C,A,A,G,G,normal
A,G,A,A,G,C,A,C,C,G,C,C,C,C,A,G,G,G,A,A,normal
T,A,A,C,A,T,T,C,A,A,G,A,C,G,A,G,T,C,T,A,normal
T,T,G,C,C,T,A,A,T,A,T,C,A,G,T,A,G,C,T,A,normal
C,T,G,T,C,G,G,C,A,G,G,A,G,A,C,C,A,G,T,G,normal
T,G,C,A,G,A,T,G,T,G,A,A,G,T,G,G,G,T,C,G,normal
C,A,G,G,A,C,G,T,C,C,G,T,C,G,C,G,G,T,A,C,normal
C,C,C,C,C,G,G,G,A,C,G,T,C,C,A,T,T,A,A,G,normal
A,C,T,G,A,T,A,G,C,T,A,G,C,A,C,C,G,T,T,A,normal
T,A,A,T,A,C,A,T,C,G,A,A,A,T,C,G,T,T,T,G,normal
T,T,T,G,G,G,G,T,G,C,C,A,T,A,G,A,T,T,C,T,normal
A,T,C,G,G,T,C,A,T,T,T,T,A,C,C,G,G,G,G,G,normal
G,A,T,A,A,A,C,A,C,A,A,C,T,A,A,G,G,T,C,A,normal
G,A,G,C,C,G,G,G,A,C,T,G,G,T,A,G,T,A,A,C,normal
C,A,A,A,G,G,A,T,A,G,T,G,G,T,A,A,G,T,T,G,normal
T,G,T,A,G,C,T,T,C,T,G,T,T,T,C,G,G,C,C,A,normal
G,A,C,T,T,C,A,G,T,G,T,G,T,T,C,T,G,A,C,G,normal
C,G,C,G,T,C,T,C,C,G,G,T,C,A,T,C,C,C,T,G,normal
C,G,T,G,T,A,G,A,T,A,G,A,G,A,G,T,A,A,C,A,normal
C,G,C,A,A,C,G,G,C,A,A,G,A,A,C,C,T,C,T,C,normal
C,A,T,T,G,C,C,A,A,T,T,A,G,A,G,A,A,G,G,G,normal
C,C,G,C,G,G,G,T,A,G,C,C,C,T,A,C,A,A,T,T,normal
A,T,T,G,C,T,A,A,T,T,A,C,A,T,T,G,A,T,C,T,normal
T,A,G,C,T,G,A,C,C,G,G,G,A,A,C,C,T,T,T,G,normal
G,G,A,T,C,A,G,C,T,A,C,C,T,T,T,G,G,T,C,G,normal
C,A,A,A,G,T,A,A,C,G,G,C,G,C,T,C,T,G,A,G,normal
A,G,C,C,T,C,A,C,T,A,A,G,A,C,G,T,G,T,T,G,normal
A,C,T,A,T,C,T,T,G,G,T,C,G,G,T,T,C,G,G,T,normal
G,T,A,T,T,T,A,T,T,T,A,A,C,G,A,T,T,C,G,C,normal
G,T,C,G,A,C,T,C,T,A,T,T,A,G,T,A,A,G,C,C,normal
C,G,T,A,T,C,C,A,A,T,T,C,A,A,C,C,C,C,T,G,normal
C,A,G,C,T,C,C,C,G,G,C,A,A,C,G,A,G,G,C,C,normal
C,C,T,G,T,A,G,T,T,C,C,T,G,A,G,C,A,T,G,T,normal
A,T,T,A,A,T,A,G,G,A,C,G,T,A,C,G,A,C,G,A,normal
C,T,C,C,T,C,A,G,G,A,G,G,A,C,G,T,G,C,A,A,normal
A,T,G,A,C,A,A,G,G,G,C,G,G,G,A,C,T,C,A,T,normal
C,A,A,T,A,T,C,T,T,A,G,A,A,C,T,C,C,T,C,G,normal
T,C,G,A,T,A,C,G,G,G,A,G,G,A,A,G,C,C,T,G,normal
T,A,A,A,A,C,A,A,C,A,T,G,G,A,A,A,C,G,T,C,normal
C,C,T,T,G,T,A,A,G,T,G,G,T,C,T,A,T,C,T,A,normal
C,A,T,T,T,T,C,C,T,T,A,C,C,T,C,C,T,G,G,G,normal
C,A,C,T,A,T,A,A,A,A,G,A,A,T,T,G,A,T,A,A,normal
C,A,T,C,C,T,A,A,A,C,T,C,C,A,G,A,G,T,C,A,normal
T,G,C,C,T,T,T,A,C,T,G,A,G,C,C,G,A,T,T,T,normal
T,T,G,G,A,C,T,C,T,T,G,A,T,C,A,G,T,G,T,C,normal
A,C,T,T,G,A,C,A,T,C,G,T,G,C,C,T,T,G,T,A,normal
A,G,G,T,T,A,G,G,A,G,T,G,G,T,T,A,A,A,C,C,normal
G,T,G,T,T,G,G,C,G,T,T,G,T,C,T,G,T,A,G,C,normal
A,A,A,C,A,A,C,A,G,G,T,G,A,G,C,C,C,A,C,A,normal
G,C,A,A,A,A,C,A,G,A,G,G,G,C,G,G,A,G,C,C,normal
C,G,T,G,G,T,G,A,G,T,G,A,G,C,A,C,C,A,C,T,normal
T,A,C,G,T,T,A,C,T,G,C,T,C,G,C,A,A,C,T,T,normal
C,C,A,T,T,G,T,A,C,A,A,G,C,T,C,G,A,A,A,A,normal
G,C,A,G,T,T,C,C,T,C,G,T,T,A,A,C,G,G,T,A,normal
A,T,T,T,C,G,G,C,A,A,A,C,C,G,A,A,A,C,G,G,normal
C,A,A,C,G,T,A,A,C,G,A,A,C,A,T,T,T,C,C,A,normal
G,G,A,G,C,G,G,T,G,C,T,A,A,G,C,T,T,A,C,T,normal
A,G,T,A,C,C,T,A,G,T,T,T,T,A,G,G,A,G,T,G,normal
C,T,C,C,T,T,T,C,A,G,T,C,T,C,A,G,A,T,C,T,normal
G,A,G,T,A,C,T,C,G,T,C,A,C,C,C,T,G,C,T,T,normal
G,G,C,C,T,G,A,T,C,G,T,A,A,G,T,A,A,T,C,A,normal
A,A,A,A,G,C,A,A,T,T,G,G,C,C,A,T,C,A,T,G,normal
A,A,G,T,G,A,C,T,A,G,T,A,T,C,C,C,T,C,T,T,normal
G,A,C,A,A,G,C,A,T,A,T,T,T,G,C,A,G,C,T,C,normal
A,G,G,T,T,T,A,C,G,T,G,T,C,G,C,T,G,A,A,A,normal
C,C,T,T,G,G,C,A,T,T,C,C,T,C,T,A,T,T,A,A,normal
G,A,C,G,A,A,T,T,C,A,T,C,G,A,G,A,A,A,A,A,normal
C,T,G,A,T,A,A,G,A,C,G,C,A,T,C,A,C,T,T,T,normal
T,A,A,T,C,T,G,A,G,C,T,G,G,T,G,G,A,T,A,A,normal
T,G,T,T,T,T,G,A,G,C,A,T,G,T,T,T,G,C,T,A,normal
C,T,G,C,G,T,A,T,G,T,T,C,G,C,G,G,G,C,C,C,normal
A,T,G,G,T,A,G,G,C,A,C,A,G,C,G,G,C,T,G,A,normal
A,A,G,G,C,A,T,C,G,C,A,T,A,G,T,T,G,C,G,G,normal
C,T,A,A,A,G,G,A,G,C,G,A,A,G,T,G,T,C,C,T,normal
T,T,T,C,C,G,A,T,T,T,G,A,T,T,G,T,A,A,T,G,normal
A,G,A,C,A,T,A,T,A,A,A,T,C,A,C,A,G,G,A,T,normal
G,T,A,G,C,T,T,G,A,A,C,G,T,G,C,G,G,C,A,A,normal
T,G,C,C,G,G,C,C,G,A,A,T,T,C,G,T,G,A,A,A,normal
T,G,T,C,G,C,T,A,T,A,G,A,T,G,T,C,T,T,A,G,normal
T,C,A,T,G,A,T,T,A,G,C,G,C,G,A,C,A,T,A,C,normal
T,C,C,A,G,G,A,A,G,G,A,G,A,A,A,A,A,A,T,A,normal
T,G,A,A,G,A,T,C,C,T,A,T,A,A,T,T,T,C,C,A,normal
T,G,A,A,C,G,G,C,A,C,G,C,T,T,A,A,C,T,A,T,normal
C,G,G,G,A,G,T,C,T,T,C,C,T,T,C,G,T,C,G,C,normal
T,A,G,A,G,G,A,T,T,T,C,T,C,G,T,G,G,C,G,A,normal
A,T,C,G,T,C,A,C,A,C,C,A,G,A,C,A,T,T,T,T,normal
A,A,G,A,T,G,G,C,A,A,G,C,G,G,A,T,C,G,A,C,normal
G,A,C,A,A,A,G,T,G,G,T,A,T,G,A,G,C,A,C,G,normal
A,G,C,A,T,G,T,A,A,T,A,C,A,A,C,T,G,C,G,C,normal
G,A,A,T,C,T,T,T,A,C,C,C,C,T,C,T,T,C,C,C,normal
G,A,T,C,A,T,C,G,G,A,C,T,G,C,C,C,T,T,G,G,normal
G,A,A,A,A,G,G,C,G,T,C,G,G,G,G,C,G,C,A,A,normal
C,G,C,C,T,C,T,T,T,C,G,T,C,A,T,T,T,T,C,A,normal
T,A,T,A,C,G,A,A,T,A,A,A,T,G,G,T,G,T,T,C,normal
A,T,G,T,A,C,A,G,C,G,G,A,T,T,C,A,C,T,C,T,normal
T,A,C,T,G,C,A,A,T,C,G,A,T,A,A,A,G,G,G,G,normal
